farmer_id,date,diagnosis,source
F0001,2025-08-19,leaf_rust,extension_officer
F0001,2026-08-13,leaf_rust,extension_officer
F0004,2023-08-02,leaf_rust,extension_officer
F0006,2024-08-28,leaf_rust,extension_officer
F0014,2021-09-22,leaf_rust,extension_officer
F0015,2023-09-15,leaf_rust,extension_officer
F0020,2023-08-10,leaf_rust,extension_officer
F0021,2023-08-20,leaf_rust,extension_officer
F0022,2024-09-23,leaf_rust,extension_officer
F0026,2021-09-14,leaf_rust,extension_officer
F0026,2023-08-11,leaf_rust,extension_officer
F0027,2021-08-21,leaf_rust,extension_officer
F0031,2023-09-01,leaf_rust,extension_officer
F0034,2024-08-28,leaf_rust,extension_officer
F0035,2022-08-21,leaf_rust,extension_officer
F0035,2023-08-26,leaf_rust,extension_officer
F0035,2025-09-16,leaf_rust,extension_officer
F0037,2022-09-21,leaf_rust,extension_officer
F0038,2023-09-25,leaf_rust,extension_officer
F0039,2022-08-08,leaf_rust,extension_officer
F0040,2026-08-30,leaf_rust,extension_officer
F0041,2022-08-14,leaf_rust,extension_officer
F0042,2023-08-30,leaf_rust,extension_officer
F0042,2025-09-24,leaf_rust,extension_officer
F0045,2025-09-08,leaf_rust,extension_officer
F0047,2022-08-25,leaf_rust,extension_officer
F0054,2023-09-09,leaf_rust,extension_officer
F0054,2026-09-18,leaf_rust,extension_officer
F0055,2021-08-01,leaf_rust,extension_officer
F0056,2023-09-09,leaf_rust,extension_officer
F0062,2021-08-12,leaf_rust,extension_officer
F0064,2021-08-25,leaf_rust,extension_officer
F0068,2025-08-07,leaf_rust,extension_officer
F0071,2022-09-02,leaf_rust,extension_officer
F0071,2026-08-13,leaf_rust,extension_officer
F0073,2026-09-21,leaf_rust,extension_officer
F0074,2021-09-13,leaf_rust,extension_officer
F0078,2023-08-29,leaf_rust,extension_officer
F0079,2024-09-11,leaf_rust,extension_officer
F0082,2021-09-25,leaf_rust,extension_officer
F0082,2022-09-08,leaf_rust,extension_officer
F0082,2023-09-08,leaf_rust,extension_officer
F0084,2025-09-21,leaf_rust,extension_officer
F0089,2025-09-22,leaf_rust,extension_officer
F0090,2025-09-19,leaf_rust,extension_officer
F0091,2021-08-02,leaf_rust,extension_officer
F0092,2026-08-05,leaf_rust,extension_officer
F0094,2024-09-04,leaf_rust,extension_officer
F0095,2024-09-22,leaf_rust,extension_officer
F0095,2026-08-24,leaf_rust,extension_officer
F0097,2022-08-29,leaf_rust,extension_officer
F0098,2021-08-20,leaf_rust,extension_officer
F0105,2024-09-25,leaf_rust,extension_officer
F0110,2025-09-03,leaf_rust,extension_officer
F0112,2022-09-24,leaf_rust,extension_officer
F0113,2021-08-30,leaf_rust,extension_officer
F0115,2022-09-29,leaf_rust,extension_officer
F0116,2025-09-27,leaf_rust,extension_officer
F0117,2022-08-13,leaf_rust,extension_officer
F0125,2024-09-24,leaf_rust,extension_officer
F0126,2021-08-14,leaf_rust,extension_officer
F0126,2023-08-11,leaf_rust,extension_officer
F0127,2021-08-15,leaf_rust,extension_officer
F0128,2021-08-20,leaf_rust,extension_officer
F0129,2022-09-20,leaf_rust,extension_officer
F0132,2026-08-11,leaf_rust,extension_officer
F0135,2026-08-05,leaf_rust,extension_officer
F0137,2021-09-25,leaf_rust,extension_officer
F0142,2025-09-09,leaf_rust,extension_officer
F0145,2023-09-25,leaf_rust,extension_officer
F0145,2026-08-11,leaf_rust,extension_officer
F0149,2023-09-09,leaf_rust,extension_officer
F0149,2024-09-05,leaf_rust,extension_officer
F0153,2025-09-17,leaf_rust,extension_officer
F0154,2021-08-16,leaf_rust,extension_officer
F0156,2025-08-09,leaf_rust,extension_officer
F0158,2025-08-10,leaf_rust,extension_officer
F0179,2021-09-07,leaf_rust,extension_officer
F0181,2023-09-27,leaf_rust,extension_officer
F0183,2022-08-30,leaf_rust,extension_officer
F0185,2024-09-18,leaf_rust,extension_officer
F0186,2026-09-03,leaf_rust,extension_officer
F0188,2023-09-15,leaf_rust,extension_officer
F0189,2023-09-08,leaf_rust,extension_officer
F0189,2025-08-25,leaf_rust,extension_officer
F0190,2022-08-16,leaf_rust,extension_officer
F0194,2023-08-07,leaf_rust,extension_officer
F0194,2024-09-29,leaf_rust,extension_officer
F0197,2023-09-02,leaf_rust,extension_officer
F0198,2021-09-08,leaf_rust,extension_officer
F0199,2024-09-20,leaf_rust,extension_officer
F0200,2024-09-03,leaf_rust,extension_officer
F0201,2025-09-14,leaf_rust,extension_officer
F0203,2021-09-29,leaf_rust,extension_officer
F0207,2025-08-04,leaf_rust,extension_officer
F0217,2022-08-02,leaf_rust,extension_officer
F0221,2021-09-18,leaf_rust,extension_officer
F0221,2024-09-19,leaf_rust,extension_officer
F0222,2026-09-20,leaf_rust,extension_officer
F0223,2025-09-06,leaf_rust,extension_officer
F0225,2023-09-14,leaf_rust,extension_officer
F0226,2021-08-14,leaf_rust,extension_officer
F0227,2021-08-13,leaf_rust,extension_officer
F0230,2025-08-17,leaf_rust,extension_officer
F0233,2025-09-14,leaf_rust,extension_officer
F0234,2023-08-13,leaf_rust,extension_officer
F0234,2026-09-26,leaf_rust,extension_officer
F0235,2022-09-10,leaf_rust,extension_officer
F0241,2026-08-10,leaf_rust,extension_officer
F0242,2023-09-06,leaf_rust,extension_officer
F0243,2022-08-30,leaf_rust,extension_officer
F0244,2023-09-03,leaf_rust,extension_officer
F0245,2023-09-04,leaf_rust,extension_officer
F0245,2026-09-22,leaf_rust,extension_officer
F0247,2024-08-28,leaf_rust,extension_officer
F0248,2022-08-03,leaf_rust,extension_officer
F0249,2021-09-28,leaf_rust,extension_officer
F0249,2024-09-08,leaf_rust,extension_officer
F0249,2026-08-29,leaf_rust,extension_officer
F0253,2021-09-04,leaf_rust,extension_officer
F0253,2022-08-20,leaf_rust,extension_officer
F0256,2024-08-23,leaf_rust,extension_officer
F0256,2026-09-24,leaf_rust,extension_officer
F0257,2025-08-24,leaf_rust,extension_officer
F0259,2024-08-18,leaf_rust,extension_officer
F0260,2025-08-22,leaf_rust,extension_officer
F0261,2021-08-12,leaf_rust,extension_officer
F0261,2022-08-22,leaf_rust,extension_officer
F0263,2022-09-24,leaf_rust,extension_officer
F0264,2022-08-15,leaf_rust,extension_officer
F0264,2026-09-25,leaf_rust,extension_officer
F0266,2024-08-21,leaf_rust,extension_officer
F0267,2022-09-22,leaf_rust,extension_officer
F0267,2025-09-29,leaf_rust,extension_officer
F0269,2025-09-04,leaf_rust,extension_officer
F0270,2021-08-15,leaf_rust,extension_officer
F0270,2023-08-26,leaf_rust,extension_officer
F0272,2025-09-08,leaf_rust,extension_officer
F0279,2021-08-20,leaf_rust,extension_officer
F0283,2023-08-13,leaf_rust,extension_officer
F0283,2026-09-07,leaf_rust,extension_officer
F0286,2024-09-24,leaf_rust,extension_officer
F0287,2021-09-25,leaf_rust,extension_officer
F0289,2026-09-20,leaf_rust,extension_officer
F0290,2021-09-02,leaf_rust,extension_officer
F0298,2022-08-29,leaf_rust,extension_officer
F0298,2024-08-17,leaf_rust,extension_officer
F0301,2022-09-21,leaf_rust,extension_officer
F0308,2025-09-02,leaf_rust,extension_officer
F0313,2023-08-30,leaf_rust,extension_officer
F0315,2021-09-14,leaf_rust,extension_officer
F0315,2025-09-12,leaf_rust,extension_officer
F0316,2022-09-01,leaf_rust,extension_officer
F0321,2025-08-25,leaf_rust,extension_officer
F0322,2025-09-10,leaf_rust,extension_officer
F0329,2024-09-10,leaf_rust,extension_officer
F0334,2021-09-05,leaf_rust,extension_officer
F0334,2026-08-04,leaf_rust,extension_officer
F0335,2024-08-02,leaf_rust,extension_officer
F0337,2024-09-17,leaf_rust,extension_officer
F0341,2021-08-27,leaf_rust,extension_officer
F0345,2023-09-25,leaf_rust,extension_officer
F0345,2025-09-13,leaf_rust,extension_officer
F0348,2022-09-18,leaf_rust,extension_officer
F0349,2024-08-07,leaf_rust,extension_officer
F0351,2024-08-10,leaf_rust,extension_officer
F0352,2025-08-31,leaf_rust,extension_officer
F0353,2025-09-01,leaf_rust,extension_officer
F0355,2023-08-23,leaf_rust,extension_officer
F0355,2024-09-21,leaf_rust,extension_officer
F0362,2022-08-23,leaf_rust,extension_officer
F0363,2021-08-09,leaf_rust,extension_officer
F0369,2026-08-25,leaf_rust,extension_officer
F0374,2024-09-04,leaf_rust,extension_officer
F0382,2021-08-22,leaf_rust,extension_officer
F0383,2024-09-08,leaf_rust,extension_officer
F0385,2022-09-17,leaf_rust,extension_officer
F0386,2023-09-17,leaf_rust,extension_officer
F0388,2024-08-16,leaf_rust,extension_officer
F0389,2022-08-22,leaf_rust,extension_officer
F0392,2025-08-03,leaf_rust,extension_officer
F0393,2021-09-08,leaf_rust,extension_officer
F0393,2024-09-03,leaf_rust,extension_officer
F0393,2025-08-05,leaf_rust,extension_officer
F0394,2021-08-09,leaf_rust,extension_officer
F0395,2023-08-23,leaf_rust,extension_officer
F0396,2025-09-12,leaf_rust,extension_officer
F0402,2025-08-27,leaf_rust,extension_officer
F0403,2021-08-27,leaf_rust,extension_officer
F0403,2024-08-01,leaf_rust,extension_officer
F0407,2022-09-02,leaf_rust,extension_officer
F0413,2022-08-02,leaf_rust,extension_officer
F0418,2021-09-11,leaf_rust,extension_officer
F0422,2024-08-28,leaf_rust,extension_officer
F0427,2024-09-07,leaf_rust,extension_officer
F0427,2026-09-28,leaf_rust,extension_officer
F0430,2022-08-25,leaf_rust,extension_officer
F0430,2024-08-19,leaf_rust,extension_officer
F0432,2025-09-26,leaf_rust,extension_officer
F0438,2021-08-07,leaf_rust,extension_officer
F0439,2025-08-23,leaf_rust,extension_officer
F0440,2023-09-24,leaf_rust,extension_officer
F0441,2026-09-14,leaf_rust,extension_officer
F0443,2022-09-20,leaf_rust,extension_officer
F0444,2026-08-07,leaf_rust,extension_officer
F0445,2023-08-21,leaf_rust,extension_officer
F0452,2021-08-05,leaf_rust,extension_officer
F0452,2024-08-22,leaf_rust,extension_officer
F0454,2021-09-07,leaf_rust,extension_officer
F0454,2024-08-18,leaf_rust,extension_officer
F0455,2023-08-21,leaf_rust,extension_officer
F0456,2023-08-13,leaf_rust,extension_officer
F0459,2022-08-23,leaf_rust,extension_officer
F0459,2023-08-20,leaf_rust,extension_officer
F0460,2022-08-28,leaf_rust,extension_officer
F0460,2023-09-13,leaf_rust,extension_officer
F0460,2024-09-29,leaf_rust,extension_officer
F0461,2021-08-13,leaf_rust,extension_officer
F0466,2023-08-10,leaf_rust,extension_officer
F0467,2022-08-26,leaf_rust,extension_officer
F0468,2026-08-08,leaf_rust,extension_officer
F0473,2022-08-20,leaf_rust,extension_officer
F0473,2026-09-16,leaf_rust,extension_officer
F0475,2023-08-17,leaf_rust,extension_officer
F0476,2022-09-20,leaf_rust,extension_officer
F0476,2025-09-26,leaf_rust,extension_officer
F0479,2025-09-26,leaf_rust,extension_officer
F0481,2022-09-01,leaf_rust,extension_officer
F0486,2024-09-08,leaf_rust,extension_officer
F0487,2024-08-12,leaf_rust,extension_officer
F0493,2022-09-28,leaf_rust,extension_officer
F0493,2024-09-17,leaf_rust,extension_officer
F0496,2026-08-28,leaf_rust,extension_officer
F0497,2023-08-11,leaf_rust,extension_officer
F0499,2025-08-03,leaf_rust,extension_officer
F0501,2021-08-08,leaf_rust,extension_officer
F0504,2026-09-02,leaf_rust,extension_officer
F0506,2026-08-20,leaf_rust,extension_officer
F0509,2024-08-30,leaf_rust,extension_officer
F0511,2021-08-13,leaf_rust,extension_officer
F0511,2025-08-03,leaf_rust,extension_officer
F0511,2026-09-21,leaf_rust,extension_officer
F0513,2026-08-10,leaf_rust,extension_officer
F0514,2023-08-09,leaf_rust,extension_officer
F0516,2025-08-02,leaf_rust,extension_officer
F0517,2026-09-28,leaf_rust,extension_officer
F0525,2021-08-26,leaf_rust,extension_officer
F0526,2022-08-15,leaf_rust,extension_officer
F0528,2023-08-14,leaf_rust,extension_officer
F0529,2024-09-10,leaf_rust,extension_officer
F0531,2025-08-26,leaf_rust,extension_officer
F0531,2026-09-26,leaf_rust,extension_officer
F0533,2025-08-17,leaf_rust,extension_officer
F0535,2024-09-11,leaf_rust,extension_officer
F0543,2021-09-23,leaf_rust,extension_officer
F0543,2026-09-27,leaf_rust,extension_officer
F0547,2021-08-24,leaf_rust,extension_officer
F0548,2023-08-14,leaf_rust,extension_officer
F0548,2026-08-05,leaf_rust,extension_officer
F0549,2025-09-08,leaf_rust,extension_officer
F0552,2021-09-13,leaf_rust,extension_officer
F0554,2024-08-10,leaf_rust,extension_officer
F0555,2025-08-23,leaf_rust,extension_officer
F0556,2026-08-30,leaf_rust,extension_officer
F0557,2022-09-11,leaf_rust,extension_officer
F0557,2023-08-07,leaf_rust,extension_officer
F0560,2025-09-20,leaf_rust,extension_officer
F0561,2023-08-21,leaf_rust,extension_officer
F0561,2024-08-19,leaf_rust,extension_officer
F0561,2026-09-29,leaf_rust,extension_officer
F0563,2025-09-29,leaf_rust,extension_officer
F0565,2023-08-15,leaf_rust,extension_officer
F0568,2022-09-09,leaf_rust,extension_officer
F0569,2022-09-18,leaf_rust,extension_officer
F0570,2022-09-18,leaf_rust,extension_officer
F0574,2021-09-13,leaf_rust,extension_officer
F0575,2022-08-17,leaf_rust,extension_officer
F0577,2026-08-06,leaf_rust,extension_officer
F0579,2026-08-10,leaf_rust,extension_officer
F0580,2022-09-14,leaf_rust,extension_officer
F0581,2026-08-12,leaf_rust,extension_officer
F0582,2023-09-20,leaf_rust,extension_officer
F0590,2025-09-25,leaf_rust,extension_officer
F0591,2023-08-11,leaf_rust,extension_officer
F0604,2021-08-06,leaf_rust,extension_officer
F0605,2024-09-14,leaf_rust,extension_officer
F0606,2024-08-15,leaf_rust,extension_officer
F0606,2026-08-22,leaf_rust,extension_officer
F0608,2025-08-22,leaf_rust,extension_officer
F0609,2025-09-16,leaf_rust,extension_officer
F0610,2021-08-22,leaf_rust,extension_officer
F0613,2021-08-22,leaf_rust,extension_officer
F0614,2022-08-18,leaf_rust,extension_officer
F0614,2024-08-23,leaf_rust,extension_officer
F0616,2023-08-10,leaf_rust,extension_officer
F0621,2021-08-08,leaf_rust,extension_officer
F0622,2022-08-23,leaf_rust,extension_officer
F0625,2022-08-13,leaf_rust,extension_officer
F0625,2024-08-26,leaf_rust,extension_officer
F0627,2025-08-24,leaf_rust,extension_officer
F0629,2024-09-10,leaf_rust,extension_officer
F0630,2025-09-12,leaf_rust,extension_officer
F0634,2021-08-03,leaf_rust,extension_officer
F0634,2024-09-17,leaf_rust,extension_officer
F0636,2024-08-30,leaf_rust,extension_officer
F0636,2026-08-21,leaf_rust,extension_officer
F0638,2021-09-10,leaf_rust,extension_officer
F0640,2024-08-23,leaf_rust,extension_officer
F0641,2022-09-18,leaf_rust,extension_officer
F0642,2023-08-28,leaf_rust,extension_officer
F0647,2024-08-14,leaf_rust,extension_officer
F0648,2025-08-09,leaf_rust,extension_officer
F0650,2021-09-21,leaf_rust,extension_officer
F0652,2024-08-16,leaf_rust,extension_officer
F0654,2025-09-14,leaf_rust,extension_officer
F0655,2021-09-15,leaf_rust,extension_officer
F0655,2023-08-28,leaf_rust,extension_officer
F0657,2021-08-25,leaf_rust,extension_officer
F0658,2023-08-31,leaf_rust,extension_officer
F0659,2026-09-24,leaf_rust,extension_officer
F0660,2025-08-14,leaf_rust,extension_officer
F0665,2024-09-08,leaf_rust,extension_officer
F0665,2025-08-21,leaf_rust,extension_officer
F0666,2021-09-01,leaf_rust,extension_officer
F0666,2024-09-11,leaf_rust,extension_officer
F0666,2026-09-26,leaf_rust,extension_officer
F0667,2022-08-01,leaf_rust,extension_officer
F0668,2024-08-01,leaf_rust,extension_officer
F0669,2021-08-05,leaf_rust,extension_officer
F0670,2021-09-29,leaf_rust,extension_officer
F0670,2024-09-27,leaf_rust,extension_officer
F0671,2022-08-19,leaf_rust,extension_officer
F0671,2023-09-03,leaf_rust,extension_officer
F0672,2025-09-19,leaf_rust,extension_officer
F0677,2024-08-25,leaf_rust,extension_officer
F0678,2021-08-31,leaf_rust,extension_officer
F0678,2022-08-23,leaf_rust,extension_officer
F0678,2025-09-11,leaf_rust,extension_officer
F0681,2024-08-24,leaf_rust,extension_officer
F0682,2022-08-05,leaf_rust,extension_officer
F0686,2021-09-09,leaf_rust,extension_officer
F0687,2025-08-15,leaf_rust,extension_officer
F0690,2022-08-08,leaf_rust,extension_officer
F0691,2023-09-23,leaf_rust,extension_officer
F0691,2024-09-12,leaf_rust,extension_officer
F0692,2022-08-26,leaf_rust,extension_officer
F0695,2024-09-23,leaf_rust,extension_officer
F0699,2021-08-09,leaf_rust,extension_officer
F0700,2023-09-18,leaf_rust,extension_officer
F0701,2023-08-24,leaf_rust,extension_officer
F0701,2026-08-24,leaf_rust,extension_officer
F0702,2026-08-27,leaf_rust,extension_officer
F0704,2021-09-23,leaf_rust,extension_officer
F0704,2022-09-22,leaf_rust,extension_officer
F0704,2024-08-03,leaf_rust,extension_officer
F0705,2025-08-19,leaf_rust,extension_officer
F0705,2026-09-08,leaf_rust,extension_officer
F0712,2022-09-19,leaf_rust,extension_officer
F0712,2023-08-22,leaf_rust,extension_officer
F0714,2024-09-18,leaf_rust,extension_officer
F0722,2021-08-20,leaf_rust,extension_officer
F0722,2023-08-01,leaf_rust,extension_officer
F0724,2023-08-11,leaf_rust,extension_officer
F0727,2024-09-14,leaf_rust,extension_officer
F0728,2022-08-01,leaf_rust,extension_officer
F0731,2022-08-07,leaf_rust,extension_officer
F0735,2025-08-06,leaf_rust,extension_officer
F0735,2026-08-13,leaf_rust,extension_officer
F0736,2023-08-15,leaf_rust,extension_officer
F0737,2024-09-20,leaf_rust,extension_officer
F0738,2021-08-19,leaf_rust,extension_officer
F0741,2021-08-14,leaf_rust,extension_officer
F0742,2021-08-17,leaf_rust,extension_officer
F0745,2021-08-30,leaf_rust,extension_officer
F0746,2026-08-04,leaf_rust,extension_officer
F0749,2026-08-11,leaf_rust,extension_officer
F0750,2026-08-16,leaf_rust,extension_officer
F0752,2025-08-08,leaf_rust,extension_officer
F0753,2024-09-20,leaf_rust,extension_officer
F0754,2022-08-28,leaf_rust,extension_officer
F0754,2023-09-28,leaf_rust,extension_officer
F0758,2026-09-16,leaf_rust,extension_officer
F0761,2025-08-15,leaf_rust,extension_officer
F0766,2023-08-28,leaf_rust,extension_officer
F0766,2024-09-21,leaf_rust,extension_officer
F0769,2023-09-25,leaf_rust,extension_officer
F0769,2025-08-27,leaf_rust,extension_officer
F0774,2022-09-12,leaf_rust,extension_officer
F0778,2024-08-08,leaf_rust,extension_officer
F0779,2024-09-14,leaf_rust,extension_officer
F0779,2025-08-03,leaf_rust,extension_officer
F0782,2021-08-23,leaf_rust,extension_officer
F0784,2024-09-26,leaf_rust,extension_officer
F0788,2025-09-23,leaf_rust,extension_officer
F0789,2026-08-19,leaf_rust,extension_officer
F0791,2026-08-06,leaf_rust,extension_officer
F0792,2026-08-07,leaf_rust,extension_officer
F0794,2024-08-21,leaf_rust,extension_officer
F0795,2024-09-05,leaf_rust,extension_officer
F0797,2022-08-21,leaf_rust,extension_officer
F0797,2023-08-04,leaf_rust,extension_officer
F0797,2026-08-01,leaf_rust,extension_officer
F0799,2023-09-05,leaf_rust,extension_officer
F0800,2022-08-24,leaf_rust,extension_officer
F0801,2023-09-10,leaf_rust,extension_officer
F0803,2021-08-06,leaf_rust,extension_officer
F0805,2022-09-08,leaf_rust,extension_officer
F0807,2026-08-29,leaf_rust,extension_officer
F0810,2024-08-22,leaf_rust,extension_officer
F0813,2026-09-10,leaf_rust,extension_officer
F0814,2022-09-27,leaf_rust,extension_officer
F0815,2022-09-20,leaf_rust,extension_officer
F0815,2025-09-18,leaf_rust,extension_officer
F0822,2021-08-15,leaf_rust,extension_officer
F0825,2025-09-04,leaf_rust,extension_officer
F0828,2024-09-07,leaf_rust,extension_officer
F0829,2023-09-16,leaf_rust,extension_officer
F0832,2024-09-14,leaf_rust,extension_officer
F0833,2025-09-28,leaf_rust,extension_officer
F0834,2021-08-09,leaf_rust,extension_officer
F0835,2021-08-01,leaf_rust,extension_officer
F0836,2024-08-23,leaf_rust,extension_officer
F0836,2025-09-20,leaf_rust,extension_officer
F0839,2024-08-25,leaf_rust,extension_officer
F0842,2022-08-11,leaf_rust,extension_officer
F0846,2021-08-06,leaf_rust,extension_officer
F0846,2025-09-12,leaf_rust,extension_officer
F0847,2024-08-10,leaf_rust,extension_officer
F0847,2026-09-11,leaf_rust,extension_officer
F0848,2022-08-11,leaf_rust,extension_officer
F0850,2026-09-21,leaf_rust,extension_officer
F0852,2021-08-25,leaf_rust,extension_officer
F0854,2026-09-11,leaf_rust,extension_officer
F0855,2021-08-22,leaf_rust,extension_officer
F0855,2022-09-28,leaf_rust,extension_officer
F0855,2023-08-16,leaf_rust,extension_officer
F0856,2021-08-26,leaf_rust,extension_officer
F0857,2026-09-04,leaf_rust,extension_officer
F0861,2026-08-04,leaf_rust,extension_officer
F0862,2022-08-22,leaf_rust,extension_officer
F0863,2025-08-29,leaf_rust,extension_officer
F0864,2025-08-09,leaf_rust,extension_officer
F0866,2024-09-07,leaf_rust,extension_officer
F0868,2022-08-31,leaf_rust,extension_officer
F0870,2025-08-06,leaf_rust,extension_officer
F0871,2024-08-05,leaf_rust,extension_officer
F0873,2024-08-20,leaf_rust,extension_officer
F0874,2023-08-26,leaf_rust,extension_officer
F0876,2022-08-13,leaf_rust,extension_officer
F0882,2021-08-20,leaf_rust,extension_officer
F0884,2021-09-16,leaf_rust,extension_officer
F0884,2022-09-15,leaf_rust,extension_officer
F0887,2021-08-07,leaf_rust,extension_officer
F0887,2026-08-27,leaf_rust,extension_officer
F0890,2026-08-26,leaf_rust,extension_officer
F0892,2022-08-23,leaf_rust,extension_officer
F0894,2022-09-07,leaf_rust,extension_officer
F0895,2024-08-11,leaf_rust,extension_officer
F0897,2024-09-17,leaf_rust,extension_officer
F0897,2025-08-09,leaf_rust,extension_officer
F0898,2022-09-12,leaf_rust,extension_officer
F0899,2022-09-15,leaf_rust,extension_officer
F0900,2022-08-05,leaf_rust,extension_officer
F0901,2022-08-18,leaf_rust,extension_officer
F0901,2025-08-26,leaf_rust,extension_officer
F0902,2023-08-01,leaf_rust,extension_officer
F0902,2024-08-18,leaf_rust,extension_officer
F0902,2025-08-03,leaf_rust,extension_officer
F0903,2024-08-25,leaf_rust,extension_officer
F0905,2024-08-23,leaf_rust,extension_officer
F0907,2021-09-10,leaf_rust,extension_officer
F0908,2025-09-05,leaf_rust,extension_officer
F0909,2022-09-06,leaf_rust,extension_officer
F0910,2022-09-21,leaf_rust,extension_officer
F0912,2026-08-29,leaf_rust,extension_officer
F0923,2024-08-04,leaf_rust,extension_officer
F0926,2025-09-29,leaf_rust,extension_officer
F0928,2023-09-14,leaf_rust,extension_officer
F0930,2022-08-02,leaf_rust,extension_officer
F0931,2025-08-23,leaf_rust,extension_officer
F0932,2026-08-25,leaf_rust,extension_officer
F0935,2025-08-30,leaf_rust,extension_officer
F0936,2024-08-20,leaf_rust,extension_officer
F0936,2025-08-10,leaf_rust,extension_officer
F0938,2023-09-17,leaf_rust,extension_officer
F0939,2025-08-26,leaf_rust,extension_officer
F0943,2026-08-16,leaf_rust,extension_officer
F0944,2021-08-14,leaf_rust,extension_officer
F0946,2022-08-02,leaf_rust,extension_officer
F0948,2025-08-12,leaf_rust,extension_officer
F0953,2025-09-14,leaf_rust,extension_officer
F0955,2024-08-26,leaf_rust,extension_officer
F0956,2024-09-05,leaf_rust,extension_officer
F0956,2026-08-21,leaf_rust,extension_officer
F0959,2026-08-09,leaf_rust,extension_officer
F0960,2025-08-26,leaf_rust,extension_officer
F0961,2021-08-17,leaf_rust,extension_officer
F0961,2022-09-08,leaf_rust,extension_officer
F0961,2023-08-04,leaf_rust,extension_officer
F0963,2021-08-02,leaf_rust,extension_officer
F0964,2021-08-04,leaf_rust,extension_officer
F0965,2026-09-11,leaf_rust,extension_officer
F0967,2021-08-23,leaf_rust,extension_officer
F0967,2026-09-12,leaf_rust,extension_officer
F0970,2022-09-11,leaf_rust,extension_officer
F0971,2023-08-28,leaf_rust,extension_officer
F0972,2023-08-19,leaf_rust,extension_officer
F0974,2026-09-27,leaf_rust,extension_officer
F0976,2024-08-17,leaf_rust,extension_officer
F0979,2021-09-08,leaf_rust,extension_officer
F0979,2024-08-27,leaf_rust,extension_officer
F0982,2021-08-12,leaf_rust,extension_officer
F0982,2024-08-28,leaf_rust,extension_officer
F0985,2024-08-18,leaf_rust,extension_officer
F0985,2026-08-20,leaf_rust,extension_officer
F0987,2025-09-22,leaf_rust,extension_officer
F0989,2025-08-10,leaf_rust,extension_officer
F0990,2024-09-08,leaf_rust,extension_officer
F0992,2025-08-04,leaf_rust,extension_officer
F0993,2025-09-21,leaf_rust,extension_officer
F0994,2023-08-28,leaf_rust,extension_officer
F1001,2023-09-16,leaf_rust,extension_officer
F1006,2022-08-21,leaf_rust,extension_officer
F1007,2026-09-28,leaf_rust,extension_officer
F1008,2021-08-11,leaf_rust,extension_officer
F1010,2023-09-02,leaf_rust,extension_officer
F1010,2024-08-26,leaf_rust,extension_officer
F1013,2023-09-29,leaf_rust,extension_officer
F1013,2025-08-22,leaf_rust,extension_officer
F1018,2021-08-05,leaf_rust,extension_officer
F1018,2023-08-10,leaf_rust,extension_officer
F1021,2024-08-21,leaf_rust,extension_officer
F1022,2024-08-16,leaf_rust,extension_officer
F1025,2021-09-07,leaf_rust,extension_officer
F1027,2024-08-07,leaf_rust,extension_officer
F1028,2023-08-19,leaf_rust,extension_officer
F1029,2026-09-24,leaf_rust,extension_officer
F1032,2022-09-25,leaf_rust,extension_officer
F1032,2024-08-07,leaf_rust,extension_officer
F1032,2026-08-07,leaf_rust,extension_officer
F1036,2023-09-16,leaf_rust,extension_officer
F1037,2024-08-15,leaf_rust,extension_officer
F1038,2021-08-01,leaf_rust,extension_officer
F1039,2024-08-18,leaf_rust,extension_officer
F1042,2021-09-07,leaf_rust,extension_officer
F1042,2024-09-05,leaf_rust,extension_officer
F1043,2023-08-08,leaf_rust,extension_officer
F1044,2021-08-21,leaf_rust,extension_officer
F1045,2025-08-14,leaf_rust,extension_officer
F1046,2024-08-29,leaf_rust,extension_officer
F1047,2021-08-01,leaf_rust,extension_officer
F1047,2024-08-06,leaf_rust,extension_officer
F1049,2022-09-17,leaf_rust,extension_officer
F1049,2024-08-05,leaf_rust,extension_officer
F1049,2025-08-18,leaf_rust,extension_officer
F1050,2022-09-02,leaf_rust,extension_officer
F1050,2023-09-15,leaf_rust,extension_officer
F1051,2024-08-28,leaf_rust,extension_officer
F1056,2025-09-20,leaf_rust,extension_officer
F1058,2022-09-22,leaf_rust,extension_officer
F1059,2024-08-10,leaf_rust,extension_officer
F1060,2024-09-16,leaf_rust,extension_officer
F1062,2021-09-11,leaf_rust,extension_officer
F1063,2022-09-16,leaf_rust,extension_officer
F1064,2021-08-01,leaf_rust,extension_officer
F1064,2022-09-28,leaf_rust,extension_officer
F1064,2023-08-09,leaf_rust,extension_officer
F1064,2025-08-31,leaf_rust,extension_officer
F1066,2021-09-01,leaf_rust,extension_officer
F1068,2024-08-08,leaf_rust,extension_officer
F1072,2023-09-04,leaf_rust,extension_officer
F1073,2025-08-25,leaf_rust,extension_officer
F1075,2026-09-15,leaf_rust,extension_officer
F1077,2021-08-17,leaf_rust,extension_officer
F1081,2021-08-01,leaf_rust,extension_officer
F1081,2024-09-19,leaf_rust,extension_officer
F1085,2021-09-07,leaf_rust,extension_officer
F1085,2022-08-25,leaf_rust,extension_officer
F1086,2025-09-17,leaf_rust,extension_officer
F1089,2023-09-14,leaf_rust,extension_officer
F1089,2025-08-31,leaf_rust,extension_officer
F1090,2025-08-06,leaf_rust,extension_officer
F1090,2026-08-01,leaf_rust,extension_officer
F1091,2022-09-16,leaf_rust,extension_officer
F1091,2024-08-04,leaf_rust,extension_officer
F1094,2023-08-12,leaf_rust,extension_officer
F1097,2024-09-12,leaf_rust,extension_officer
F1099,2023-08-08,leaf_rust,extension_officer
F1099,2024-08-18,leaf_rust,extension_officer
F1104,2024-09-01,leaf_rust,extension_officer
F1107,2022-09-05,leaf_rust,extension_officer
F1112,2025-08-14,leaf_rust,extension_officer
F1113,2024-09-27,leaf_rust,extension_officer
F1115,2026-08-26,leaf_rust,extension_officer
F1116,2026-08-20,leaf_rust,extension_officer
F1118,2026-09-15,leaf_rust,extension_officer
F1119,2023-08-28,leaf_rust,extension_officer
F1121,2023-08-06,leaf_rust,extension_officer
F1122,2025-08-05,leaf_rust,extension_officer
F1125,2022-09-25,leaf_rust,extension_officer
F1127,2024-08-21,leaf_rust,extension_officer
F1132,2023-09-04,leaf_rust,extension_officer
F1134,2024-09-26,leaf_rust,extension_officer
F1134,2026-09-15,leaf_rust,extension_officer
F1137,2026-09-27,leaf_rust,extension_officer
F1138,2021-09-20,leaf_rust,extension_officer
F1139,2022-09-07,leaf_rust,extension_officer
F1143,2021-08-05,leaf_rust,extension_officer
F1144,2021-08-15,leaf_rust,extension_officer
F1146,2026-09-19,leaf_rust,extension_officer
F1149,2022-09-24,leaf_rust,extension_officer
F1152,2021-09-04,leaf_rust,extension_officer
F1155,2026-08-28,leaf_rust,extension_officer
F1157,2021-08-28,leaf_rust,extension_officer
F1157,2024-08-05,leaf_rust,extension_officer
F1158,2025-08-31,leaf_rust,extension_officer
F1161,2026-09-11,leaf_rust,extension_officer
F1164,2024-09-27,leaf_rust,extension_officer
F1164,2025-08-20,leaf_rust,extension_officer
F1166,2023-08-02,leaf_rust,extension_officer
F1166,2024-08-23,leaf_rust,extension_officer
F1170,2023-08-02,leaf_rust,extension_officer
F1171,2023-08-18,leaf_rust,extension_officer
F1171,2024-09-10,leaf_rust,extension_officer
F1172,2021-08-15,leaf_rust,extension_officer
F1172,2023-09-23,leaf_rust,extension_officer
F1174,2022-09-04,leaf_rust,extension_officer
F1175,2023-08-16,leaf_rust,extension_officer
F1184,2022-08-29,leaf_rust,extension_officer
F1188,2026-08-12,leaf_rust,extension_officer
F1189,2023-08-28,leaf_rust,extension_officer
F1190,2025-09-19,leaf_rust,extension_officer
F1192,2021-09-22,leaf_rust,extension_officer
F1192,2023-08-11,leaf_rust,extension_officer
F1193,2022-09-27,leaf_rust,extension_officer
F1194,2025-09-06,leaf_rust,extension_officer
F1194,2026-09-09,leaf_rust,extension_officer
F1197,2024-08-09,leaf_rust,extension_officer
F1199,2021-08-10,leaf_rust,extension_officer
F1199,2022-08-14,leaf_rust,extension_officer
F1199,2023-08-27,leaf_rust,extension_officer
F1200,2024-09-11,leaf_rust,extension_officer
F1201,2021-09-21,leaf_rust,extension_officer
F1201,2023-08-23,leaf_rust,extension_officer
F1202,2024-08-30,leaf_rust,extension_officer
F1202,2025-08-11,leaf_rust,extension_officer
F1203,2022-08-19,leaf_rust,extension_officer
F1203,2025-09-12,leaf_rust,extension_officer
F1203,2026-09-15,leaf_rust,extension_officer
F1206,2021-08-31,leaf_rust,extension_officer
F1206,2022-08-28,leaf_rust,extension_officer
F1206,2026-09-06,leaf_rust,extension_officer
F1208,2026-08-27,leaf_rust,extension_officer
F1211,2024-09-06,leaf_rust,extension_officer
F1211,2026-08-17,leaf_rust,extension_officer
F1212,2021-09-03,leaf_rust,extension_officer
F1214,2025-09-25,leaf_rust,extension_officer
F1217,2023-08-08,leaf_rust,extension_officer
F1224,2022-09-28,leaf_rust,extension_officer
F1224,2025-09-26,leaf_rust,extension_officer
F1225,2024-09-21,leaf_rust,extension_officer
F1225,2026-08-06,leaf_rust,extension_officer
F1226,2026-08-18,leaf_rust,extension_officer
F1227,2026-09-28,leaf_rust,extension_officer
F1229,2023-08-07,leaf_rust,extension_officer
F1231,2021-08-25,leaf_rust,extension_officer
F1232,2021-09-22,leaf_rust,extension_officer
F1232,2025-09-10,leaf_rust,extension_officer
F1233,2024-08-04,leaf_rust,extension_officer
F1234,2026-09-25,leaf_rust,extension_officer
F1235,2025-08-27,leaf_rust,extension_officer
F1238,2022-09-29,leaf_rust,extension_officer
F1238,2023-09-09,leaf_rust,extension_officer
F1239,2024-08-30,leaf_rust,extension_officer
F1240,2021-09-04,leaf_rust,extension_officer
F1241,2023-09-17,leaf_rust,extension_officer
F1241,2025-09-18,leaf_rust,extension_officer
F1242,2022-08-16,leaf_rust,extension_officer
F1244,2021-09-24,leaf_rust,extension_officer
F1245,2024-09-28,leaf_rust,extension_officer
F1247,2024-08-28,leaf_rust,extension_officer
F1252,2021-09-15,leaf_rust,extension_officer
F1254,2026-09-13,leaf_rust,extension_officer
F1259,2023-08-19,leaf_rust,extension_officer
F1260,2023-08-13,leaf_rust,extension_officer
F1261,2023-09-01,leaf_rust,extension_officer
F1263,2026-08-28,leaf_rust,extension_officer
F1265,2022-09-12,leaf_rust,extension_officer
F1266,2025-09-05,leaf_rust,extension_officer
F1267,2021-09-05,leaf_rust,extension_officer
F1269,2023-09-09,leaf_rust,extension_officer
F1272,2024-08-05,leaf_rust,extension_officer
F1277,2025-08-20,leaf_rust,extension_officer
F1277,2026-09-01,leaf_rust,extension_officer
F1280,2022-08-19,leaf_rust,extension_officer
F1283,2021-09-13,leaf_rust,extension_officer
F1286,2025-09-22,leaf_rust,extension_officer
F1291,2024-08-08,leaf_rust,extension_officer
F1292,2023-09-25,leaf_rust,extension_officer
F1297,2021-09-11,leaf_rust,extension_officer
F1297,2024-08-07,leaf_rust,extension_officer
F1299,2025-09-19,leaf_rust,extension_officer
F1301,2025-09-10,leaf_rust,extension_officer
F1305,2026-09-16,leaf_rust,extension_officer
F1309,2023-09-16,leaf_rust,extension_officer
F1310,2024-09-07,leaf_rust,extension_officer
F1311,2025-08-23,leaf_rust,extension_officer
F1321,2021-09-24,leaf_rust,extension_officer
F1326,2026-08-06,leaf_rust,extension_officer
F1327,2026-08-30,leaf_rust,extension_officer
F1330,2023-09-18,leaf_rust,extension_officer
F1332,2023-08-01,leaf_rust,extension_officer
F1332,2025-08-22,leaf_rust,extension_officer
F1335,2021-08-13,leaf_rust,extension_officer
F1335,2022-09-24,leaf_rust,extension_officer
F1335,2023-08-21,leaf_rust,extension_officer
F1337,2023-08-27,leaf_rust,extension_officer
F1337,2024-09-09,leaf_rust,extension_officer
F1337,2025-09-24,leaf_rust,extension_officer
F1341,2025-08-16,leaf_rust,extension_officer
F1344,2024-09-11,leaf_rust,extension_officer
F1344,2025-08-19,leaf_rust,extension_officer
F1345,2023-09-11,leaf_rust,extension_officer
F1346,2021-09-19,leaf_rust,extension_officer
F1346,2024-09-21,leaf_rust,extension_officer
F1348,2022-08-21,leaf_rust,extension_officer
F1348,2023-08-01,leaf_rust,extension_officer
F1349,2025-09-13,leaf_rust,extension_officer
F1349,2026-09-10,leaf_rust,extension_officer
F1353,2021-09-05,leaf_rust,extension_officer
F1353,2024-09-13,leaf_rust,extension_officer
F1354,2022-09-25,leaf_rust,extension_officer
F1356,2023-09-03,leaf_rust,extension_officer
F1359,2022-08-03,leaf_rust,extension_officer
F1359,2024-08-14,leaf_rust,extension_officer
F1360,2023-09-01,leaf_rust,extension_officer
F1361,2025-09-19,leaf_rust,extension_officer
F1364,2021-08-09,leaf_rust,extension_officer
F1366,2022-08-24,leaf_rust,extension_officer
F1366,2026-09-25,leaf_rust,extension_officer
F1367,2025-08-03,leaf_rust,extension_officer
F1368,2023-09-02,leaf_rust,extension_officer
F1368,2025-09-25,leaf_rust,extension_officer
F1368,2026-08-18,leaf_rust,extension_officer
F1374,2021-09-03,leaf_rust,extension_officer
F1375,2024-09-17,leaf_rust,extension_officer
F1379,2026-09-19,leaf_rust,extension_officer
F1384,2022-09-17,leaf_rust,extension_officer
F1384,2023-08-28,leaf_rust,extension_officer
F1385,2026-09-03,leaf_rust,extension_officer
F1388,2021-08-17,leaf_rust,extension_officer
F1390,2022-09-05,leaf_rust,extension_officer
F1391,2022-08-19,leaf_rust,extension_officer
F1399,2026-09-03,leaf_rust,extension_officer
F1401,2021-09-27,leaf_rust,extension_officer
F1405,2022-09-10,leaf_rust,extension_officer
F1406,2024-08-14,leaf_rust,extension_officer
F1407,2021-08-09,leaf_rust,extension_officer
F1407,2024-08-23,leaf_rust,extension_officer
F1409,2021-08-17,leaf_rust,extension_officer
F1413,2023-08-17,leaf_rust,extension_officer
F1414,2024-09-13,leaf_rust,extension_officer
F1416,2022-08-18,leaf_rust,extension_officer
F1417,2024-09-05,leaf_rust,extension_officer
F1419,2022-09-12,leaf_rust,extension_officer
F1419,2023-08-23,leaf_rust,extension_officer
F1423,2024-08-06,leaf_rust,extension_officer
F1424,2023-08-28,leaf_rust,extension_officer
F1429,2022-08-21,leaf_rust,extension_officer
F1429,2023-09-22,leaf_rust,extension_officer
F1431,2023-08-19,leaf_rust,extension_officer
F1434,2023-09-22,leaf_rust,extension_officer
F1434,2024-08-03,leaf_rust,extension_officer
F1436,2023-09-06,leaf_rust,extension_officer
F1438,2023-09-13,leaf_rust,extension_officer
F1438,2025-09-16,leaf_rust,extension_officer
F1439,2022-08-25,leaf_rust,extension_officer
F1440,2026-09-16,leaf_rust,extension_officer
F1443,2026-09-11,leaf_rust,extension_officer
F1453,2021-08-24,leaf_rust,extension_officer
F1454,2023-08-09,leaf_rust,extension_officer
F1454,2025-08-19,leaf_rust,extension_officer
F1456,2024-08-10,leaf_rust,extension_officer
F1460,2022-08-09,leaf_rust,extension_officer
F1460,2024-08-04,leaf_rust,extension_officer
F1463,2024-09-16,leaf_rust,extension_officer
F1464,2026-09-15,leaf_rust,extension_officer
F1467,2025-08-07,leaf_rust,extension_officer
F1468,2021-09-13,leaf_rust,extension_officer
F1469,2021-08-03,leaf_rust,extension_officer
F1476,2021-08-22,leaf_rust,extension_officer
F1478,2026-08-08,leaf_rust,extension_officer
F1479,2023-09-23,leaf_rust,extension_officer
F1483,2022-09-06,leaf_rust,extension_officer
F1483,2024-09-27,leaf_rust,extension_officer
F1484,2026-08-01,leaf_rust,extension_officer
F1487,2024-09-18,leaf_rust,extension_officer
F1488,2026-08-05,leaf_rust,extension_officer
F1489,2024-08-28,leaf_rust,extension_officer
F1490,2024-08-12,leaf_rust,extension_officer
F1491,2023-09-06,leaf_rust,extension_officer
F1493,2023-09-10,leaf_rust,extension_officer
F1494,2025-09-07,leaf_rust,extension_officer
F1495,2023-08-01,leaf_rust,extension_officer
F1499,2025-09-13,leaf_rust,extension_officer
F1505,2023-08-01,leaf_rust,extension_officer
F1507,2023-09-17,leaf_rust,extension_officer
F1508,2023-08-13,leaf_rust,extension_officer
F1511,2022-08-31,leaf_rust,extension_officer
F1515,2025-09-29,leaf_rust,extension_officer
F1520,2021-09-23,leaf_rust,extension_officer
F1522,2023-08-29,leaf_rust,extension_officer
F1526,2021-08-18,leaf_rust,extension_officer
F1526,2024-09-17,leaf_rust,extension_officer
F1526,2025-09-23,leaf_rust,extension_officer
F1527,2025-09-17,leaf_rust,extension_officer
F1531,2025-09-27,leaf_rust,extension_officer
F1533,2025-09-11,leaf_rust,extension_officer
F1537,2021-09-03,leaf_rust,extension_officer
F1538,2021-09-19,leaf_rust,extension_officer
F1542,2025-08-15,leaf_rust,extension_officer
F1547,2023-09-07,leaf_rust,extension_officer
F1548,2021-09-16,leaf_rust,extension_officer
F1550,2021-08-18,leaf_rust,extension_officer
F1550,2026-09-20,leaf_rust,extension_officer
F1551,2021-08-12,leaf_rust,extension_officer
F1553,2023-08-30,leaf_rust,extension_officer
F1554,2023-08-04,leaf_rust,extension_officer
F1558,2023-08-03,leaf_rust,extension_officer
F1560,2026-08-30,leaf_rust,extension_officer
F1563,2023-08-30,leaf_rust,extension_officer
F1563,2025-08-05,leaf_rust,extension_officer
F1564,2023-09-19,leaf_rust,extension_officer
F1565,2023-08-24,leaf_rust,extension_officer
F1566,2022-08-05,leaf_rust,extension_officer
F1570,2024-09-22,leaf_rust,extension_officer
F1574,2023-08-21,leaf_rust,extension_officer
F1577,2025-08-31,leaf_rust,extension_officer
F1583,2024-08-03,leaf_rust,extension_officer
F1585,2026-08-19,leaf_rust,extension_officer
F1586,2021-08-27,leaf_rust,extension_officer
F1589,2025-08-16,leaf_rust,extension_officer
F1591,2022-09-04,leaf_rust,extension_officer
F1591,2023-09-06,leaf_rust,extension_officer
F1592,2025-09-22,leaf_rust,extension_officer
F1593,2026-08-30,leaf_rust,extension_officer
F1595,2022-09-07,leaf_rust,extension_officer
F1595,2023-09-14,leaf_rust,extension_officer
F1596,2022-09-12,leaf_rust,extension_officer
F1597,2021-09-05,leaf_rust,extension_officer
F1600,2023-09-11,leaf_rust,extension_officer
F1600,2025-08-25,leaf_rust,extension_officer
F1603,2022-08-09,leaf_rust,extension_officer
F1603,2024-08-10,leaf_rust,extension_officer
F1608,2021-09-25,leaf_rust,extension_officer
F1613,2022-09-11,leaf_rust,extension_officer
F1614,2026-09-23,leaf_rust,extension_officer
F1617,2023-08-03,leaf_rust,extension_officer
F1620,2024-09-01,leaf_rust,extension_officer
F1621,2026-08-13,leaf_rust,extension_officer
F1623,2024-09-20,leaf_rust,extension_officer
F1623,2026-09-08,leaf_rust,extension_officer
F1624,2021-09-22,leaf_rust,extension_officer
F1624,2023-08-16,leaf_rust,extension_officer
F1626,2025-09-26,leaf_rust,extension_officer
F1631,2024-09-26,leaf_rust,extension_officer
F1635,2022-08-10,leaf_rust,extension_officer
F1635,2023-08-04,leaf_rust,extension_officer
F1638,2023-09-20,leaf_rust,extension_officer
F1640,2023-08-16,leaf_rust,extension_officer
F1640,2026-09-04,leaf_rust,extension_officer
F1643,2025-08-14,leaf_rust,extension_officer
F1643,2026-08-24,leaf_rust,extension_officer
F1644,2024-08-29,leaf_rust,extension_officer
F1646,2025-08-11,leaf_rust,extension_officer
F1647,2023-09-23,leaf_rust,extension_officer
F1647,2024-08-22,leaf_rust,extension_officer
F1649,2023-08-21,leaf_rust,extension_officer
F1650,2023-09-01,leaf_rust,extension_officer
F1652,2026-09-13,leaf_rust,extension_officer
F1653,2022-08-14,leaf_rust,extension_officer
F1653,2023-08-02,leaf_rust,extension_officer
F1653,2025-09-25,leaf_rust,extension_officer
F1653,2026-09-17,leaf_rust,extension_officer
F1655,2025-08-25,leaf_rust,extension_officer
F1658,2024-08-07,leaf_rust,extension_officer
F1659,2022-09-14,leaf_rust,extension_officer
F1660,2021-08-14,leaf_rust,extension_officer
F1663,2021-08-11,leaf_rust,extension_officer
F1663,2024-08-10,leaf_rust,extension_officer
F1665,2021-09-10,leaf_rust,extension_officer
F1666,2022-09-04,leaf_rust,extension_officer
F1666,2023-08-03,leaf_rust,extension_officer
F1667,2026-08-18,leaf_rust,extension_officer
F1668,2024-09-26,leaf_rust,extension_officer
F1669,2023-09-13,leaf_rust,extension_officer
F1669,2024-08-29,leaf_rust,extension_officer
F1672,2026-08-15,leaf_rust,extension_officer
F1674,2026-08-22,leaf_rust,extension_officer
F1675,2022-09-06,leaf_rust,extension_officer
F1675,2026-09-02,leaf_rust,extension_officer
F1681,2021-09-23,leaf_rust,extension_officer
F1683,2025-08-21,leaf_rust,extension_officer
F1685,2023-08-25,leaf_rust,extension_officer
F1686,2023-09-24,leaf_rust,extension_officer
F1688,2022-08-21,leaf_rust,extension_officer
F1690,2023-08-09,leaf_rust,extension_officer
F1697,2025-09-10,leaf_rust,extension_officer
F1698,2026-08-04,leaf_rust,extension_officer
F1700,2024-09-02,leaf_rust,extension_officer
F1702,2024-09-12,leaf_rust,extension_officer
F1704,2024-09-18,leaf_rust,extension_officer
F1705,2024-09-15,leaf_rust,extension_officer
F1706,2022-09-20,leaf_rust,extension_officer
F1707,2021-09-21,leaf_rust,extension_officer
F1708,2021-09-13,leaf_rust,extension_officer
F1710,2021-08-30,leaf_rust,extension_officer
F1717,2023-08-11,leaf_rust,extension_officer
F1721,2023-09-29,leaf_rust,extension_officer
F1722,2024-08-03,leaf_rust,extension_officer
F1724,2024-09-10,leaf_rust,extension_officer
F1724,2026-09-29,leaf_rust,extension_officer
F1725,2024-09-06,leaf_rust,extension_officer
F1726,2024-08-03,leaf_rust,extension_officer
F1728,2026-08-11,leaf_rust,extension_officer
F1729,2021-09-20,leaf_rust,extension_officer
F1732,2024-09-23,leaf_rust,extension_officer
F1734,2023-09-23,leaf_rust,extension_officer
F1734,2025-09-01,leaf_rust,extension_officer
F1739,2022-09-02,leaf_rust,extension_officer
F1739,2024-08-25,leaf_rust,extension_officer
F1744,2024-09-20,leaf_rust,extension_officer
F1744,2026-08-14,leaf_rust,extension_officer
F1745,2022-09-01,leaf_rust,extension_officer
F1746,2021-09-21,leaf_rust,extension_officer
F1748,2024-09-03,leaf_rust,extension_officer
F1751,2023-08-19,leaf_rust,extension_officer
F1751,2026-09-11,leaf_rust,extension_officer
F1753,2023-08-04,leaf_rust,extension_officer
F1758,2026-08-27,leaf_rust,extension_officer
F1759,2024-08-15,leaf_rust,extension_officer
F1760,2024-09-14,leaf_rust,extension_officer
F1761,2026-09-01,leaf_rust,extension_officer
F1763,2022-09-27,leaf_rust,extension_officer
F1763,2025-09-29,leaf_rust,extension_officer
F1763,2026-08-26,leaf_rust,extension_officer
F1765,2021-08-22,leaf_rust,extension_officer
F1765,2024-09-27,leaf_rust,extension_officer
F1769,2021-09-20,leaf_rust,extension_officer
F1774,2023-08-05,leaf_rust,extension_officer
F1779,2024-09-15,leaf_rust,extension_officer
F1781,2021-09-13,leaf_rust,extension_officer
F1782,2025-08-16,leaf_rust,extension_officer
F1785,2023-09-20,leaf_rust,extension_officer
F1787,2021-09-13,leaf_rust,extension_officer
F1787,2025-09-15,leaf_rust,extension_officer
F1788,2023-09-08,leaf_rust,extension_officer
F1790,2024-09-26,leaf_rust,extension_officer
F1791,2025-08-07,leaf_rust,extension_officer
F1793,2024-08-07,leaf_rust,extension_officer
F1794,2025-09-28,leaf_rust,extension_officer
F1795,2024-09-11,leaf_rust,extension_officer
F1797,2026-08-29,leaf_rust,extension_officer
F1799,2023-08-05,leaf_rust,extension_officer
F1800,2023-08-25,leaf_rust,extension_officer
F1801,2021-08-26,leaf_rust,extension_officer
F1802,2023-08-18,leaf_rust,extension_officer
F1810,2026-08-10,leaf_rust,extension_officer
F1812,2023-09-05,leaf_rust,extension_officer
F1814,2022-08-08,leaf_rust,extension_officer
F1815,2024-08-15,leaf_rust,extension_officer
F1815,2026-09-11,leaf_rust,extension_officer
F1817,2021-08-03,leaf_rust,extension_officer
F1820,2025-09-19,leaf_rust,extension_officer
F1821,2025-09-05,leaf_rust,extension_officer
F1822,2024-08-19,leaf_rust,extension_officer
F1824,2023-08-06,leaf_rust,extension_officer
F1825,2026-08-11,leaf_rust,extension_officer
F1826,2025-09-05,leaf_rust,extension_officer
F1827,2022-09-08,leaf_rust,extension_officer
F1831,2023-09-20,leaf_rust,extension_officer
F1834,2022-08-10,leaf_rust,extension_officer
F1835,2024-09-05,leaf_rust,extension_officer
F1836,2025-08-18,leaf_rust,extension_officer
F1839,2025-08-23,leaf_rust,extension_officer
F1839,2026-08-06,leaf_rust,extension_officer
F1840,2023-08-25,leaf_rust,extension_officer
F1841,2022-08-23,leaf_rust,extension_officer
F1841,2023-09-25,leaf_rust,extension_officer
F1841,2024-09-06,leaf_rust,extension_officer
F1842,2021-08-16,leaf_rust,extension_officer
F1843,2023-09-10,leaf_rust,extension_officer
F1847,2024-09-29,leaf_rust,extension_officer
F1847,2025-08-15,leaf_rust,extension_officer
F1848,2023-09-17,leaf_rust,extension_officer
F1850,2025-09-16,leaf_rust,extension_officer
F1851,2026-09-16,leaf_rust,extension_officer
F1855,2023-09-24,leaf_rust,extension_officer
F1859,2021-09-21,leaf_rust,extension_officer
F1859,2022-08-11,leaf_rust,extension_officer
F1860,2022-08-11,leaf_rust,extension_officer
F1862,2025-08-28,leaf_rust,extension_officer
F1864,2021-09-03,leaf_rust,extension_officer
F1864,2026-08-14,leaf_rust,extension_officer
F1867,2024-09-28,leaf_rust,extension_officer
F1868,2024-08-06,leaf_rust,extension_officer
F1871,2025-08-31,leaf_rust,extension_officer
F1872,2023-09-20,leaf_rust,extension_officer
F1872,2025-09-17,leaf_rust,extension_officer
F1873,2023-08-23,leaf_rust,extension_officer
F1875,2025-08-03,leaf_rust,extension_officer
F1880,2024-08-16,leaf_rust,extension_officer
F1881,2025-09-14,leaf_rust,extension_officer
F1882,2024-09-07,leaf_rust,extension_officer
F1886,2023-09-09,leaf_rust,extension_officer
F1886,2026-08-27,leaf_rust,extension_officer
F1890,2025-08-20,leaf_rust,extension_officer
F1895,2023-08-24,leaf_rust,extension_officer
F1895,2024-08-06,leaf_rust,extension_officer
F1895,2026-08-12,leaf_rust,extension_officer
F1899,2024-08-06,leaf_rust,extension_officer
F1904,2025-09-16,leaf_rust,extension_officer
F1905,2022-09-08,leaf_rust,extension_officer
F1909,2021-09-23,leaf_rust,extension_officer
F1909,2023-09-21,leaf_rust,extension_officer
F1914,2021-08-03,leaf_rust,extension_officer
F1914,2024-08-21,leaf_rust,extension_officer
F1916,2022-09-20,leaf_rust,extension_officer
F1917,2023-09-27,leaf_rust,extension_officer
F1919,2021-08-09,leaf_rust,extension_officer
F1919,2026-08-21,leaf_rust,extension_officer
F1922,2026-09-08,leaf_rust,extension_officer
F1923,2026-09-27,leaf_rust,extension_officer
F1924,2026-08-23,leaf_rust,extension_officer
F1925,2023-09-16,leaf_rust,extension_officer
F1926,2022-09-08,leaf_rust,extension_officer
F1926,2026-08-29,leaf_rust,extension_officer
F1927,2026-09-23,leaf_rust,extension_officer
F1928,2026-09-06,leaf_rust,extension_officer
F1931,2022-09-19,leaf_rust,extension_officer
F1931,2025-08-13,leaf_rust,extension_officer
F1932,2022-09-29,leaf_rust,extension_officer
F1935,2021-09-07,leaf_rust,extension_officer
F1940,2021-08-26,leaf_rust,extension_officer
F1942,2022-09-02,leaf_rust,extension_officer
F1942,2024-08-22,leaf_rust,extension_officer
F1944,2025-08-25,leaf_rust,extension_officer
F1945,2023-08-21,leaf_rust,extension_officer
F1946,2025-08-18,leaf_rust,extension_officer
F1947,2021-09-05,leaf_rust,extension_officer
F1947,2023-09-29,leaf_rust,extension_officer
F1951,2023-09-17,leaf_rust,extension_officer
F1954,2021-09-27,leaf_rust,extension_officer
F1955,2024-08-08,leaf_rust,extension_officer
F1956,2024-09-18,leaf_rust,extension_officer
F1958,2023-08-30,leaf_rust,extension_officer
F1962,2026-09-11,leaf_rust,extension_officer
F1965,2022-09-25,leaf_rust,extension_officer
F1969,2024-08-04,leaf_rust,extension_officer
F1971,2025-08-03,leaf_rust,extension_officer
F1976,2025-08-24,leaf_rust,extension_officer
F1981,2025-08-22,leaf_rust,extension_officer
F1983,2026-09-04,leaf_rust,extension_officer
F1985,2025-08-20,leaf_rust,extension_officer
F1992,2021-08-12,leaf_rust,extension_officer
F1992,2024-09-09,leaf_rust,extension_officer
F1992,2025-08-21,leaf_rust,extension_officer
F1997,2025-08-25,leaf_rust,extension_officer
F1998,2021-08-23,leaf_rust,extension_officer
F1998,2025-08-26,leaf_rust,extension_officer
F1999,2022-09-27,leaf_rust,extension_officer
F0001,2026-10-04,leaf_rust
F0001,2026-10-04,nutrient
