district,season,preseason_rain_mm,anomaly
Nyamasheke,2021,993,0.046
Nyamasheke,2022,802,-0.156
Nyamasheke,2023,1057,0.113
Nyamasheke,2024,1084,0.141
Nyamasheke,2025,672,-0.293
Nyamasheke,2026,764,-0.195
Nyamasheke,2027,968,0.019
Gakenke,2021,905,-0.047
Gakenke,2022,948,-0.003
Gakenke,2023,828,-0.128
Gakenke,2024,1075,0.132
Gakenke,2025,1061,0.117
Gakenke,2026,959,0.01
Gakenke,2027,1111,0.169
Huye,2021,1017,0.07
Huye,2022,828,-0.129
Huye,2023,1003,0.055
Huye,2024,813,-0.144
Huye,2025,1075,0.132
Huye,2026,943,-0.007
Huye,2027,924,-0.028
