coop_id,season,first_payment_rwf_per_kg,avg_days_to_first_payment,second_payment_rwf_per_kg,second_payment_date
C01,2021,350,10,118,2021-11-21
C01,2022,384,10,56,2022-12-11
C01,2023,428,10,44,2023-11-25
C01,2024,496,10,100,2024-11-07
C01,2025,604,10,66,2025-12-11
C01,2026,769,10,55,
C02,2021,350,14,78,2021-11-15
C02,2022,390,14,75,2022-11-11
C02,2023,418,14,107,2023-11-20
C02,2024,482,14,63,2024-12-07
C02,2025,613,14,51,2025-12-08
C02,2026,751,14,103,
C03,2021,379,7,96,2021-11-13
C03,2022,393,7,85,2022-12-06
C03,2023,426,7,49,2023-11-20
C03,2024,515,7,85,2024-12-01
C03,2025,615,7,91,2025-11-26
C03,2026,781,7,64,
